Workbook

Sheet Resumo
A1: Matriz de Gestão de Testes - ServeRest API
A2: Gestão consolidada dos casos funcionais, cobertura, rastreabilidade e resultado da execução.
A4: Indicador | B4: Valor | C4: Origem do indicador
A5: Total de casos | B5: =COUNTA('Casos de Teste'!A2:A550) -> 67 | C5: Total calculado a partir dos casos cadastrados.
A6: Passaram | B6: =COUNTIF('Casos de Teste'!L2:L550,"Passou") -> 52 | C6: Casos com status Passou.
A7: Falharam | B7: =COUNTIF('Casos de Teste'!L2:L550,"Falhou") -> 15 | C7: Casos com status Falhou.
A8: Bloqueados | B8: =COUNTIF('Casos de Teste'!L2:L550,"Bloqueado") -> 0 | C8: Casos com status Bloqueado.
A9: Não executados | B9: =COUNTIF('Casos de Teste'!L2:L550,"Não executado")+COUNTIF('Casos de Teste'!L2:L550,"Planejado") -> 0 | C9: Casos sem execução registrada.
A10: Taxa de aprovação | B10: =IF(B5=0,0,B6/B5) -> 0.7761194 | C10: Percentual calculado sobre o total cadastrado.
A13: Suite | B13: Total | C13: Passaram | D13: Falharam | E13: Bloqueados
A14: [API LOGIN] | B14: =COUNTIF('Casos de Teste'!B:B,A14) -> 4 | C14: =COUNTIFS('Casos de Teste'!B:B,A14,'Casos de Teste'!L:L,"Passou") -> 2 | D14: =COUNTIFS('Casos de Teste'!B:B,A14,'Casos de Teste'!L:L,"Falhou") -> 2 | E14: =COUNTIFS('Casos de Teste'!B:B,A14,'Casos de Teste'!L:L,"Bloqueado") -> 0
A15: [API USUÁRIOS] | B15: =COUNTIF('Casos de Teste'!B:B,A15) -> 21 | C15: =COUNTIFS('Casos de Teste'!B:B,A15,'Casos de Teste'!L:L,"Passou") -> 15 | D15: =COUNTIFS('Casos de Teste'!B:B,A15,'Casos de Teste'!L:L,"Falhou") -> 6 | E15: =COUNTIFS('Casos de Teste'!B:B,A15,'Casos de Teste'!L:L,"Bloqueado") -> 0
A16: [API PRODUTOS] | B16: =COUNTIF('Casos de Teste'!B:B,A16) -> 29 | C16: =COUNTIFS('Casos de Teste'!B:B,A16,'Casos de Teste'!L:L,"Passou") -> 25 | D16: =COUNTIFS('Casos de Teste'!B:B,A16,'Casos de Teste'!L:L,"Falhou") -> 4 | E16: =COUNTIFS('Casos de Teste'!B:B,A16,'Casos de Teste'!L:L,"Bloqueado") -> 0
A17: [API CARRINHOS] | B17: =COUNTIF('Casos de Teste'!B:B,A17) -> 13 | C17: =COUNTIFS('Casos de Teste'!B:B,A17,'Casos de Teste'!L:L,"Passou") -> 10 | D17: =COUNTIFS('Casos de Teste'!B:B,A17,'Casos de Teste'!L:L,"Falhou") -> 3 | E17: =COUNTIFS('Casos de Teste'!B:B,A17,'Casos de Teste'!L:L,"Bloqueado") -> 0

Sheet Casos de Teste
A1: ID | B1: Suite | C1: Cenário | D1: Caso de teste | E1: Prioridade | F1: Tipo | G1: Smoke | H1: Regressão | I1: Pré-condição | J1: Dados | K1: Resultado esperado | L1: Status | M1: Evidência | N1: Observações
A2: CT-LOGIN-001 | B2: [API LOGIN] | C2: POST | D2: Deve realizar login com sucesso | E2: Alta | F2: Positivo | G2: Sim | H2: Sim | I2: Usuário válido cadastrado | J2: email/senha válidos | K2: Retornar status code 200 | L2: Passou | M2: EV-001
A3: CT-LOGIN-002 | B3: [API LOGIN] | C3: POST | D3: Não deve realizar login com E-mail/senha Inválida | E3: Alta | F3: Negativo | G3: Não | H3: Não | I3: Usuário válido cadastrado | J3: senha inválida | K3: Retornar status code 401 | L3: Passou | M3: EV-002
A4: CT-LOGIN-003 | B4: [API LOGIN] | C4: POST | D4: Não deve realizar login com E-mail/Senha em Branco | E4: Alta | F4: Negativo | G4: Não | H4: Sim | I4: Não aplicável | J4: Não aplicável | K4: Retornar status code 401 | L4: Falhou | M4: EV-003
A5: CT-LOGIN-004 | B5: [API LOGIN] | C5: POST | D5: Não deve logar sem enviar nenhum body | E5: Alta | F5: Negativo | G5: Não | H5: Sim | I5: Não aplicável | J5: Não aplicável | K5: Retornar status code 401 | L5: Falhou | M5: EV-004
A6: CT-USR-001 | B6: [API USUÁRIOS] | C6: GET | D6: Deve listar todos os usuários | E6: Baixa | F6: Positivo | G6: Sim | H6: Sim | I6: Não aplicável | J6: Não aplicável | K6: Retornar status code 200 | L6: Passou | M6: EV-005
A7: CT-USR-002 | B7: [API USUÁRIOS] | C7: GET | D7: Deve encontrar usuário com sucesso | E7: Média | F7: Positivo | G7: Sim | H7: Sim | I7: Usuário válido cadastrado | J7: ID de usuário cadastrado | K7: Retornar status code 200 | L7: Passou | M7: EV-006
A8: CT-USR-003 | B8: [API USUÁRIOS] | C8: GET | D8: Não deve encontrar usuário com ID falso | E8: Baixa | F8: Negativo | G8: Não | H8: Não | I8: Não aplicável | J8: ID inexistente | K8: Retornar status code 400 | L8: Passou | M8: EV-007
A9: CT-USR-004 | B9: [API USUÁRIOS] | C9: GET | D9: Não deve encontrar usuário com ID tamanho errado | E9: Baixa | F9: Negativo | G9: Não | H9: Não | I9: Não aplicável | J9: ID com menos de 16 caracteres ou mais de 16 caracteres | K9: Retornar status code 400 | L9: Passou | M9: EV-008
A10: CT-USR-005 | B10: [API USUÁRIOS] | C10: POST | D10: Deve cadastrar usuário com sucesso | E10: Alta | F10: Positivo | G10: Sim | H10: Sim | I10: E-mail ainda não cadastrado | J10: Nome, E-mail, Senha, Admin (boolean) | K10: Retornar status code 201 | L10: Passou | M10: EV-009
A11: CT-USR-006 | B11: [API USUÁRIOS] | C11: POST | D11: Não deve cadastrar com e-mail em formato incorreto | E11: Média | F11: Positivo | G11: Não | H11: Não | I11: Não aplicável | J11: Nome, E-mail com formato incorreto, Senha, Admin (boolean) | K11: Deve retornar mensagem avisando sobre o formato errado do e-mail | L11: Passou | M11: EV-010
A12: CT-USR-007 | B12: [API USUÁRIOS] | C12: POST | D12: Não deve cadastrar com Nome, E-mail e Senha em branco | E12: Média | F12: Negativo | G12: Não | H12: Não | I12: Não aplicável | J12: Não aplicável | K12: Deve retornar mensagem avisando o que ficou em branco | L12: Passou | M12: EV-011
A13: CT-USR-008 | B13: [API USUÁRIOS] | C13: POST | D13: Não deve cadastrar com dado em formato inválido | E13: Média | F13: Negativo | G13: Não | H13: Não | I13: Não aplicável | J13: Nome, E-mail, Senha, Admin (não boolean) | K13: Deve retornar mensagem avisando " administrador deve ser 'true' ou 'false' " | L13: Passou | M13: EV-012
... A68: CT-CART-013 | B68: [API CARRINHOS] | C68: DELETE | D68: Não deve concluir compra de usuário sem carrinho | E68: Alta | F68: Negativo | G68: Não | H68: Sim | I68: Token de acesso válido de usuário sem carrinho | J68: Não aplicável | K68: Deve retornar status code 200 | L68: Falhou | M68: EV-067

Sheet Rastreabilidade
A1: ID requisito/regra | B1: Descrição | C1: Suite | D1: Casos relacionados | E1: Critério de aceite | F1: Cobertura | G1: Observações
A2: REQ-001 | B2: Deve poder logar com credenciais validas. | C2: [API LOGIN] | D2: CT-LOGIN-001 | E2: Login valido deve retornar status code 200. | F2: Coberto | G2: Fluxo basico da ServeRest.
A3: REQ-002 | B3: Nao deve permitir login com credenciais invalidas, campos em branco ou body ausente. | C3: [API LOGIN] | D3: CT-LOGIN-002, CT-LOGIN-003, CT-LOGIN-004 | E3: Login invalido ou incompleto deve retornar erro conforme regra esperada. | F3: Coberto com falha | G3: Cobre validacoes negativas de login.
A4: REQ-003 | B4: Deve poder listar e consultar usuarios. | C4: [API USUÁRIOS] | D4: CT-USR-001, CT-USR-002, CT-USR-003, CT-USR-004 | E4: A API deve listar usuarios, consultar usuario valido e tratar IDs invalidos/inexistentes. | F4: Coberto | G4: Funcionalidade basica de usuarios.
A5: REQ-004 | B5: Deve poder criar usuario com dados validos. | C5: [API USUÁRIOS] | D5: CT-USR-005 | E5: Cadastro valido deve retornar status code 201. | F5: Coberto | G5: Funcionalidade basica de usuarios.
A6: REQ-005 | B6: Cadastro de usuario deve validar e-mail, campos obrigatorios, tipo do campo admin e e-mail repetido. | C6: [API USUÁRIOS] | D6: CT-USR-006, CT-USR-007, CT-USR-008, CT-USR-013 | E6: Dados invalidos ou duplicados devem retornar erro/mensagem compativel. | F6: Coberto | G6: Agrupa validacoes gerais de cadastro.
A7: REQ-006 | B7: Nao pode deixar cadastrar com email Hotmail. | C7: [API USUÁRIOS] | D7: CT-USR-009 | E7: E-mail Hotmail deve ser recusado e nao deve retornar status code 201. | F7: Coberto com falha | G7: Requisito especifico informado.
A8: REQ-007 | B8: Nao pode deixar cadastrar com email Gmail. | C8: [API USUÁRIOS] | D8: CT-USR-010 | E8: E-mail Gmail deve ser recusado e nao deve retornar status code 201. | F8: Coberto com falha | G8: Requisito especifico informado.
A9: REQ-008 | B9: Nao pode ter senha com mais de 10 caracteres. | C9: [API USUÁRIOS] | D9: CT-USR-011 | E9: Senha maior que 10 caracteres deve ser recusada. | F9: Coberto com falha | G9: Requisito especifico informado.
A10: REQ-009 | B10: Nao pode ter senha com menos de 5 caracteres. | C10: [API USUÁRIOS] | D10: CT-USR-012 | E10: Senha menor que 5 caracteres deve ser recusada. | F10: Coberto com falha | G10: Requisito especifico informado.
A11: REQ-010 | B11: Nao deve cadastrar usuario atraves do PUT. | C11: [API USUÁRIOS] | D11: CT-USR-017 | E11: PUT nao deve criar usuario novo com sucesso. | F11: Coberto com falha | G11: Requisito especifico informado.
A12: REQ-011 | B12: Deve poder editar e excluir usuarios conforme regras da API. | C12: [API USUÁRIOS] | D12: CT-USR-014, CT-USR-015, CT-USR-016, CT-USR-018, CT-USR-019, CT-USR-020, CT-USR-021 | E12: Edicoes/exclusoes validas devem funcionar e operacoes invalidas devem ser tratadas. | F12: Coberto com falha | G12: Funcionalidade basica de usuarios.
... A26: REQ-025 | B26: Deve poder concluir compra de carrinho. | C26: [API CARRINHOS] | D26: CT-CART-012, CT-CART-013 | E26: Concluir compra valida deve funcionar e usuario sem carrinho deve ser tratado. | F26: Coberto com falha | G26: Funcionalidade basica de carrinhos.
